{
  "metadata": {
    "method": "residual_stream_linear_probe",
    "model": "Jackrong/Qwen3.5-27B-Claude-4.6-Opus-Reasoning-Distilled",
    "cv": "GroupKFold(topic, n_splits=10)",
    "classifier": "LogisticRegression(C=1.0, L2, multinomial, max_iter=5000)",
    "standardization": "per-fold StandardScaler fit on train",
    "n_trials": 894,
    "n_classes": 30,
    "chance": 0.03333333333333333,
    "n_dim": 5120,
    "layers_probed": [
      3,
      7,
      11,
      15,
      19,
      23,
      27,
      31,
      35,
      39,
      43,
      47,
      51,
      55,
      59,
      63
    ],
    "full_attn_layers": [
      3,
      7,
      11,
      15,
      19,
      23,
      27,
      31,
      35,
      39,
      43,
      47,
      51,
      55,
      59,
      63
    ],
    "n_permutations": 500,
    "emotions": [
      "anxious",
      "brooding",
      "calm",
      "contemplative",
      "content",
      "curious",
      "desperate",
      "despondent",
      "ecstatic",
      "enraged",
      "euphoric",
      "excited",
      "focused",
      "furious",
      "gloomy",
      "hopeless",
      "hostile",
      "loving",
      "melancholic",
      "neutral",
      "nostalgic",
      "panicked",
      "passionate",
      "peaceful",
      "proud",
      "resentful",
      "serene",
      "suspicious",
      "thrilled",
      "wistful"
    ],
    "timestamp": "2026-04-16T09:29:03",
    "elapsed_s": 21372.048614025116
  },
  "per_layer": {
    "3": {
      "accuracy": 0.9407216030290474,
      "std": 0.031506495098308704,
      "fold_accuracies": [
        0.9252336448598131,
        1.0,
        0.9666666666666667,
        0.9,
        0.9318181818181818,
        0.9655172413793104,
        0.9310344827586207,
        0.9655172413793104,
        0.8928571428571429,
        0.9285714285714286
      ],
      "times_chance": 28.221648090871422,
      "p_value": 0.001996007984031936,
      "null_mean": 0.03212803974747658,
      "null_std": 0.006149982567876577
    },
    "7": {
      "accuracy": 0.9317665734737922,
      "std": 0.03960057767330478,
      "fold_accuracies": [
        0.897196261682243,
        0.9,
        0.8666666666666667,
        0.9666666666666667,
        0.8977272727272727,
        0.9655172413793104,
        0.9310344827586207,
        1.0,
        0.9642857142857143,
        0.9285714285714286
      ],
      "times_chance": 27.952997204213766
    },
    "11": {
      "accuracy": 0.9045360585273572,
      "std": 0.06601674429842834,
      "fold_accuracies": [
        0.7757009345794392,
        0.9666666666666667,
        0.8666666666666667,
        0.9666666666666667,
        0.8181818181818182,
        0.9310344827586207,
        0.8620689655172413,
        0.9655172413793104,
        0.9285714285714286,
        0.9642857142857143
      ],
      "times_chance": 27.136081755820715
    },
    "15": {
      "accuracy": 0.8674630262851339,
      "std": 0.06365295604907056,
      "fold_accuracies": [
        0.7476635514018691,
        0.9333333333333333,
        0.8333333333333334,
        0.9,
        0.8181818181818182,
        0.8275862068965517,
        0.8275862068965517,
        0.9655172413793104,
        0.8928571428571429,
        0.9285714285714286
      ],
      "times_chance": 26.02389078855402
    },
    "19": {
      "accuracy": 0.890157754749279,
      "std": 0.041456020014666244,
      "fold_accuracies": [
        0.8037383177570093,
        0.9,
        0.9,
        0.9,
        0.8522727272727273,
        0.896551724137931,
        0.8620689655172413,
        0.9655172413793104,
        0.8928571428571429,
        0.9285714285714286
      ],
      "times_chance": 26.704732642478373
    },
    "23": {
      "accuracy": 0.9012549334326646,
      "std": 0.04253518987389366,
      "fold_accuracies": [
        0.8037383177570093,
        0.9666666666666667,
        0.9,
        0.9333333333333333,
        0.8977272727272727,
        0.896551724137931,
        0.8620689655172413,
        0.9310344827586207,
        0.8928571428571429,
        0.9285714285714286
      ],
      "times_chance": 27.03764800297994
    },
    "27": {
      "accuracy": 0.8795228852681317,
      "std": 0.05289422907114281,
      "fold_accuracies": [
        0.7663551401869159,
        0.9333333333333333,
        0.9,
        0.8666666666666667,
        0.8522727272727273,
        0.8620689655172413,
        0.8620689655172413,
        0.9310344827586207,
        0.8571428571428571,
        0.9642857142857143
      ],
      "times_chance": 26.38568655804395
    },
    "31": {
      "accuracy": 0.8596236849411196,
      "std": 0.05787770055642776,
      "fold_accuracies": [
        0.7383177570093458,
        0.9333333333333333,
        0.8333333333333334,
        0.8666666666666667,
        0.8181818181818182,
        0.8275862068965517,
        0.8620689655172413,
        0.9310344827586207,
        0.8571428571428571,
        0.9285714285714286
      ],
      "times_chance": 25.78871054823359
    },
    "35": {
      "accuracy": 0.8833395729310972,
      "std": 0.05818960680488604,
      "fold_accuracies": [
        0.8037383177570093,
        0.9333333333333333,
        0.9,
        0.8666666666666667,
        0.7840909090909091,
        0.896551724137931,
        0.8620689655172413,
        0.9655172413793104,
        0.8571428571428571,
        0.9642857142857143
      ],
      "times_chance": 26.500187187932916
    },
    "39": {
      "accuracy": 0.8905709493535792,
      "std": 0.04682374206294455,
      "fold_accuracies": [
        0.8411214953271028,
        0.9666666666666667,
        0.8666666666666667,
        0.8666666666666667,
        0.8522727272727273,
        0.896551724137931,
        0.8275862068965517,
        0.9310344827586207,
        0.8928571428571429,
        0.9642857142857143
      ],
      "times_chance": 26.717128480607375
    },
    "43": {
      "accuracy": 0.8770861008687307,
      "std": 0.05359128215307773,
      "fold_accuracies": [
        0.8411214953271028,
        0.9333333333333333,
        0.8666666666666667,
        0.8333333333333334,
        0.7840909090909091,
        0.896551724137931,
        0.8275862068965517,
        0.9310344827586207,
        0.8928571428571429,
        0.9642857142857143
      ],
      "times_chance": 26.312583026061922
    },
    "47": {
      "accuracy": 0.860314159736493,
      "std": 0.05832118031209649,
      "fold_accuracies": [
        0.7757009345794392,
        0.9333333333333333,
        0.8333333333333334,
        0.8333333333333334,
        0.7840909090909091,
        0.8620689655172413,
        0.8275862068965517,
        0.896551724137931,
        0.8928571428571429,
        0.9642857142857143
      ],
      "times_chance": 25.809424792094788
    },
    "51": {
      "accuracy": 0.8879605234705139,
      "std": 0.061676383296486226,
      "fold_accuracies": [
        0.8130841121495327,
        0.9666666666666667,
        0.8333333333333334,
        0.8666666666666667,
        0.7840909090909091,
        0.896551724137931,
        0.896551724137931,
        0.9655172413793104,
        0.8928571428571429,
        0.9642857142857143
      ],
      "times_chance": 26.638815704115416
    },
    "55": {
      "accuracy": 0.9010151187302331,
      "std": 0.05655873127946604,
      "fold_accuracies": [
        0.8785046728971962,
        1.0,
        0.9,
        0.8666666666666667,
        0.8181818181818182,
        0.896551724137931,
        0.8275862068965517,
        0.9655172413793104,
        0.8928571428571429,
        0.9642857142857143
      ],
      "times_chance": 27.03045356190699
    },
    "59": {
      "accuracy": 0.9331379735851215,
      "std": 0.04923338012435998,